{
    "providers": [
        {
            "type": "space",
            "advances": {
                "\uF001": -8,
                "\uF002": -7,
                "\uF003": -6,
                "\uF004": -5,
                "\uF005": -4,
                "\uF006": -3,
                "\uF007": -2,
                "\uF008": -1,
                "\uF009": 1,
                "\uF010": 2,
                "\uF011": 3,
                "\uF012": 4,
                "\uF013": 5,
                "\uF014": 6,
                "\uF015": 7,
                "\uF016": 8,
                "\uF300": -251
            }
        }
    ]
}