{
    "providers": [
        {
            "type": "bitmap",
            "file": "challenge:trafficlight/trafficlight.png",
            "ascent": 16,
            "height": 90,
            "chars": [
                "ABC"
            ]
        },
        {
            "type": "bitmap",
            "file": "challenge:trafficlight/lights/lights_red.png",
            "ascent": 16,
            "height": 90,
            "chars": [
                "\uE201\uE202\uE203"
            ]
        },
        {
            "type": "bitmap",
            "file": "challenge:trafficlight/lights/lights_yellow.png",
            "ascent": 16,
            "height": 90,
            "chars": [
                "\uE211\uE212\uE213"
            ]
        },
        {
            "type": "bitmap",
            "file": "challenge:trafficlight/lights/lights_green.png",
            "ascent": 16,
            "height": 90,
            "chars": [
                "\uE221\uE222\uE223"
            ]
        }
    ]
}